No.,Station ID,Station Name,District,Main Basin,Sub River Basin,Last Updated,Water Level (m) (Graph),Threshold,Threshold,Threshold,Threshold,state,Unnamed: 12_level_0,Unnamed: 13_level_0,Unnamed: 14_level_0,Unnamed: 15_level_0,Unnamed: 16_level_0,Unnamed: 17_level_0
No.,Station ID,Station Name,District,Main Basin,Sub River Basin,Last Updated,Water Level (m) (Graph),Normal,Alert,Warning,Danger,,Unnamed: 12_level_1,Unnamed: 13_level_1,Unnamed: 14_level_1,Unnamed: 15_level_1,Unnamed: 16_level_1,Unnamed: 17_level_1
1,0010571WL,Sg.Pelarit di Wang Kelian (F2),Padang Besar,Sungai Perlis,Sg. Pelarit,19/09/2025 23:15,105.97,105.3,105.8,106.1,106.4,Perlis,,,,,,
2,6602402,Sg. Pelarit di Kaki Bukit,Padang Besar,Sungai Perlis,Sg. Pelarit,19/09/2025 23:00,35.27,35.6,38.3,38.6,39.0,Perlis,,,,,,
3,6602404,Sg. Chuchoh di Kg. Chantik,Padang Besar,Sungai Perlis,Sg. Chuchoh,19/09/2025 23:00,35.34,35.5,37.5,37.8,38.5,Perlis,,,,,,
4,0010421WL,Sg.Jarum di Kg. Masjid (F2),Padang Besar,Sungai Perlis,Sg. Jarum,19/09/2025 23:15,29.88,30.0,33.0,33.3,33.6,Perlis,,,,,,
5,6602403,Sg. Jarum di Kg. Masjid,Padang Besar,Sungai Perlis,Sg. Jarum,19/09/2025 23:15,29.91,30.0,33.0,33.3,33.6,Perlis,,,,,,
6,6502436,Empangan Timah Tasuh,Padang Besar,Sungai Perlis,Sg. Korok,19/09/2025 23:30,27.36,29.1,29.4,29.5,29.6,Perlis,,,,,,
7,0010621WL,Sg. Panggas di Kolam Sg. Buloh (F2),Padang Besar,Sungai Arau,Sg. Arau Sub basin,19/09/2025 23:15,-9999.0,29.5,30.6,30.8,31.0,Perlis,,,,,,
8,0010631WL,Sg. Arau di Kolam Sg. Jernih (F2),Arau,Sungai Arau,Sg. Arau Sub basin,19/09/2025 20:45,21.21,20.7,21.5,22.0,22.3,Perlis,,,,,,
9,0010491WL,Sg. Gial di Balik Guar (F2),Arau,Sungai Arau,Sg. Gial,19/09/2025 23:15,11.47,12.5,13.5,14.0,15.0,Perlis,,,,,,
10,6402433,Sg. Arau di Kg. Kuala Tunggang,Arau,Sungai Arau,Sg. Arau Sub basin,19/09/2025 23:00,12.12,12.45,12.85,13.0,13.25,Perlis,,,,,,
11,0010511WL,Sg. Batu Pahat di Genting Kabu (F2),Kangar,Sungai Perlis,Sg. Batu Pahat,19/09/2025 23:15,23.82,24.2,25.3,25.85,26.4,Perlis,,,,,,
12,6402401,Sg. Kg. Bakau di Kg. Bakau,Kangar,Sungai Perlis,Sg. Perlis,19/09/2025 23:00,1.55,1.5,3.0,3.3,3.5,Perlis,,,,,,
13,0010501WL,Sg. Perlis di Bukit Tok Poh (F2),Kangar,Sungai Perlis,Sg. Perlis,19/09/2025 23:15,1.77,0.8,1.9,2.0,2.1,Perlis,,,,,,
1,0020471WL,Sg. Janing di Kg. Labi (F2),Padang Terap,Sungai Kedah,Sg. Kedah,19/09/2025 23:00,26.24,23.0,25.0,26.0,27.0,Kedah,,,,,,
2,,Sg. Ketil di Kg. Bongor (F2),Baling,Sungai Muda,Sg. Muda,19/09/2025 23:15,59.2,0.0,59.4,59.7,60.0,Kedah,,,,,,
3,0020481WL,Sg. Perik di Kg Perik (F2),Padang Terap,Sungai Kedah,Sg. Kedah,19/09/2025 23:15,-9999.0,0.0,13.0,13.5,14.2,Kedah,,,,,,
4,0050321WL,Sg. Sedim di Kg. Sedim (F2),Baling,Sungai Muda,Sg. Muda,19/09/2025 23:15,33.5,33.5,35.0,35.75,36.5,Kedah,,,,,,
5,0050551WL,Sg. Ketil di Kg. Padang Pulai (F2),Baling,Sungai Muda,Sg. Ketil,19/09/2025 23:15,11.25,13.5,15.5,15.8,16.5,Kedah,,,,,,
6,1900181WL,Sg. Kuah di Kuah (F2),Langkawi,Sungai Kuah,Sg. Kuah,19/09/2025 23:15,1.22,1.5,1.7,2.0,2.3,Kedah,,,,,,
7,,Sg. Kob di Kg. Baru (F2),Kulim,Sungai Muda,Sg.Muda Kedah Sub-basin,19/09/2025 23:15,35.55,0.0,0.0,0.0,0.0,Kedah,,,,,,
8,0050541WL,Sg. Muda di Titi Nami (F2),Sik,Sungai Muda,Sg. Muda,19/09/2025 23:15,54.49,0.0,0.0,0.0,0.0,Kedah,,,,,,
9,0050801WL,Sg. Muda di Kg. Lubuk Pusing (F2),Sik,Sungai Muda,Sg. Muda,19/09/2025 23:15,33.43,0.0,37.02,37.32,37.62,Kedah,,,,,,
10,,Sg. Chepir di Titi Pekan Sik (F2),Sik,Sungai Muda,Sg. Chepir,19/09/2025 23:15,35.0,0.0,35.95,36.25,36.55,Kedah,,,,,,
11,,Sg. Saga di Empangan Padang Saga (F2),Langkawi,Sungai Melaka (Kedah),Sg. Saga,19/09/2025 23:15,19.57,0.0,0.0,0.0,0.0,Kedah,,,,,,
12,0020611WL,Sg. Kedah di Ampang Jajar MADA (F2),Kota Setar,Sungai Kedah,Sg. Kedah,19/09/2025 23:15,1.12,0.0,0.0,0.0,0.0,Kedah,,,,,,
13,0040081WL,Sg. Gurun Diversion di Titi Teras (F2),Yan,Sungai Udang,Sg. Udang (KDH),19/09/2025 23:15,2.9,0.0,0.0,0.0,0.0,Kedah,,,,,,
14,,Sg. Nawa di Kg. Pokok Sena Lama (F2),Pokok Sena,Sungai Kedah,Sg. Nawa,19/09/2025 23:15,8.1,0.0,0.0,0.0,0.0,Kedah,,,,,,
15,6397402,Sg. Melaka di Bukit Kemboja,Langkawi,Sungai Melaka (Kedah),Sg. Melaka,19/09/2025 23:30,6.83,6.0,7.75,8.05,8.75,Kedah,,,,,,
16,6397411,Sg. Melaka di Padang Matsirat,Langkawi,Sungai Melaka (Kedah),Sg. Melaka,19/09/2025 23:30,3.01,2.9,3.1,3.19,3.4,Kedah,,,,,,
17,K000009,Sg. Badak di Akademi Binaan Malaysia (ABM),Kubang Pasu,Sungai Kedah,Sg. Badak,19/09/2025 23:30,65.08,64.0,65.5,66.0,67.0,Kedah,,,,,,
18,6405401,Sg. Sintok di UUM Sintok,Kubang Pasu,Sungai Kedah,Sg. Sintok,19/09/2025 23:30,41.6,42.0,44.0,44.15,44.5,Kedah,,,,,,
19,6404410,Sg. Laka di Kg. Padang Pasir,Kubang Pasu,Sungai Kedah,Sg. Laka,19/09/2025 23:00,19.18,18.5,21.0,21.3,21.6,Kedah,,,,,,
20,6204480,Sg. Bata di Kg. Bata,Kubang Pasu,Sungai Kedah,Sg. Bata,19/09/2025 23:00,7.49,6.5,8.53,8.83,9.14,Kedah,,,,,,
21,6204422,Sg. Tanjung Pauh di Tanjung Pauh,Kubang Pasu,Sungai Kedah,Sg. Tanjung Pauh,19/09/2025 23:00,1.65,1.8,4.3,4.7,5.1,Kedah,,,,,,
22,6204401,Sg. Padang Terap di Kepala Batas,Kubang Pasu,Sungai Kedah,Sg. Padang Terap,19/09/2025 23:30,1.19,1.5,3.5,3.59,3.8,Kedah,,,,,,
23,K000006,Sg. Durian Burung di Kota Putra,Padang Terap,Sungai Kedah,Sg. Durian Burung,19/09/2025 23:30,83.59,80.0,85.0,89.0,90.0,Kedah,,,,,,
24,6306480,Sg. Padang Sanai di Pdg. Sanai,Padang Terap,Sungai Kedah,Sg. Padang Sanai,19/09/2025 23:00,27.0,30.3,34.0,35.0,36.0,Kedah,,,,,,
25,K000007,Sg. Sari di Kilang Gula Padang Terap,Padang Terap,Sungai Kedah,Sg. Sari,19/09/2025 23:30,25.07,25.0,27.0,27.5,28.5,Kedah,,,,,,
26,6106480,Sg. Naka di Naka,Padang Terap,Sungai Kedah,Sg. Naka,19/09/2025 23:00,27.46,27.0,32.0,32.5,33.0,Kedah,,,,,,
27,No Data,Sg. Anak Bukit di Taman Aman,Kota Setar,Sungai Kedah,Sg. Anak Bukit,19/09/2025 23:00,1.32,1.5,2.0,2.3,2.6,Kedah,,,,,,
28,MADA0120,Sg. Kedah di Jambatan Lebuhraya,Kota Setar,Sungai Kedah,Sg. Kedah,19/09/2025 19:00,1.14,1.3,1.5,1.8,2.1,Kedah,,,,,,
29,6201165,Sg. Titi Kerbau di Kubur Panjang,Pendang,Sungai Kedah,Sg. Titi Kerbau,19/09/2025 23:00,3.12,3.5,5.85,6.0,6.3,Kedah,,,,,,
30,6527588,Sg. Pendang di Pekan Pendang,Pendang,Sungai Kedah,Sg. Pendang,19/09/2025 23:00,1.67,1.8,2.2,2.5,2.7,Kedah,,,,,,
31,5905480,Sg. Pendang di Pondok Chegar,Pendang,Sungai Kedah,Sg. Pendang,19/09/2025 23:00,2.59,16.5,19.0,19.3,20.0,Kedah,,,,,,
32,5706402,Sg. Chepir di Bt. 5,Sik,Sungai Muda,Sg. Chepir,19/09/2025 23:00,30.18,31.0,32.2,32.44,33.0,Kedah,,,,,,
33,5708401,Sg. Ketil di Kg. Baru,Baling,Sungai Muda,Sg. Ketil,19/09/2025 23:00,81.16,81.5,83.5,83.65,84.0,Kedah,,,,,,
34,5608418,Sg. Ketil di Kuala Pegang,Baling,Sungai Muda,Sg. Ketil,19/09/2025 23:30,34.09,35.0,36.0,36.75,37.5,Kedah,,,,,,
35,5606401,Sg. Sedim di Kg. Sedim,Baling,Sungai Muda,Sg. Sedim,19/09/2025 23:30,33.36,33.5,35.0,35.75,36.5,Kedah,,,,,,
36,5606410,Sg. Muda di Jambatan Syed Omar,Kuala Muda,Sungai Muda,Sg. Muda,19/09/2025 23:30,6.82,8.0,12.1,12.4,13.1,Kedah,,,,,,
37,5206405,Sg. Serdang di Kg. Majidee Tengah,Bandar Baharu,Sungai Kerian (Kedah),Sg. Serdang,19/09/2025 23:15,10.71,11.6,12.0,12.3,13.0,Kedah,,,,,,
38,0090291WL,Sg Kerian di Rumah Pam Bandar Baharu (F2),Bandar Baharu,Sungai Kerian (Kedah),Sg. Kerian,19/09/2025 23:15,-0.39,0.0,0.0,0.0,0.0,Kedah,,,,,,
39,0050721WL,Sg. Muda di Ampang Jajar PLSM (F2),Kota Setar,Sungai Kedah,Sg. Kedah,19/09/2025 23:15,2.79,0.0,0.0,0.0,0.0,Kedah,,,,,,
40,0050811WL,Sg. Chapar di Sek. Keb. Sri Ampang (F2),Sik,Sungai Muda,Sg. Muda,19/09/2025 23:15,69.86,69.0,71.4,71.7,72.0,Kedah,,,,,,
41,0050461WL,Sg. Ketil Hulu di Tanjung Pari (F2),Baling,Sungai Muda,Sg. Ketil,19/09/2025 23:15,121.65,122.0,124.0,125.0,126.0,Kedah,,,,,,
1,1910091WL,Sg. Pinang di Jalan P.Ramlee (F2),Timur Laut Pulau Pinang,Sungai Pinang,Sg. Pinang,19/09/2025 23:15,0.93,0.45,2.0,2.5,3.0,Pulau Pinang,,,,,,
2,1910261WL,Kolam Takungan Sg. Dondang U/S (F2),Timur Laut Pulau Pinang,Sungai Pinang,Sg. Dondang,19/09/2025 23:15,20.07,0.0,21.0,21.5,22.0,Pulau Pinang,,,,,,
3,0070071WL,Sg. Juru di JPS SPT (F2),Seberang Perai Tengah,Sungai Juru,Sg. Juru,19/09/2025 23:15,0.76,0.3,1.9,2.1,2.5,Pulau Pinang,,,,,,
4,0060261WL,Sg. Kulim di Kg. Labuh Banting (F2),Seberang Perai Tengah,Sungai Perai,Sg. Kulim,19/09/2025 23:15,0.95,0.0,2.0,2.5,2.7,Pulau Pinang,,,,,,
5,0080081WL,Sg. Jawi di Kg. Sethu (F2),Seberang Perai Selatan,Sungai Jawi,Sg. Jawi,19/09/2025 23:15,3.84,0.0,4.0,4.3,4.5,Pulau Pinang,,,,,,
6,0090611WL,Tidal Control Gate Kebun Baru (F2),Seberang Perai Selatan,Sungai Kerian (P. Pinang),Sg. Kerian,19/09/2025 23:15,0.14,0.0,2.0,2.5,3.0,Pulau Pinang,,,,,,
7,0060151WL,Sg. Kulim di Ara Kuda (F2),Seberang Perai Utara,Sungai Perai,Sg. Kulim,19/09/2025 23:15,5.98,0.0,7.5,7.8,8.1,Pulau Pinang,,,,,,
8,0050391WL,Sg. Muda di Bumbung Lima (F2),Seberang Perai Utara,Sungai Muda (P. Pinang),Sg. Muda,19/09/2025 23:15,2.97,0.0,3.5,3.8,4.1,Pulau Pinang,,,,,,
9,0060371WL,Sg. Perai di Desa Murni Sg. Dua (F2),Seberang Perai Utara,Sungai Perai,Sg.Perai Sub-basin,19/09/2025 23:15,1.28,0.0,2.0,2.3,2.5,Pulau Pinang,,,,,,
10,0050711WL,Sg. Tembus di Pintu Air Sg. Tembus (F2),Seberang Perai Utara,Sungai Tembus,Sg. Tembus,19/09/2025 23:15,0.87,0.0,1.3,1.4,1.6,Pulau Pinang,,,,,,
11,0060171WL,Sg. Lahar Endin di Pejabat JPS SPU (F2),Seberang Perai Utara,Sungai Lahar Endin,Sg. Lahar Endin,19/09/2025 23:15,1.19,0.68,2.0,2.5,3.0,Pulau Pinang,,,,,,
12,1910271WL,Sg. Keluang di Bayan Lepas (F2),Barat Daya Pulau Pinang,Sungai Keluang,Sg. Keluang,19/09/2025 23:15,-9999.0,0.0,2.5,2.8,3.0,Pulau Pinang,,,,,,
13,1910131WL,Sg. Air Itam di Lorong Batu Lanchang (F2),Timur Laut Pulau Pinang,Sungai Pinang,Sg. Air Itam,19/09/2025 23:15,4.23,4.0,5.2,5.5,6.0,Pulau Pinang,,,,,,
14,5505413,Sg. Muda di Pinang Tunggal,Seberang Perai Utara,Sungai Muda (P. Pinang),Sg. Muda,19/09/2025 22:00,-9999.0,3.0,5.5,6.0,6.5,Pulau Pinang,,,,,,
15,5504401,Sg.Muda di Bumbung Lima,Seberang Perai Utara,Sungai Muda (P. Pinang),Sg. Muda,19/09/2025 23:00,2.88,2.1,3.5,3.8,4.1,Pulau Pinang,,,,,,
16,5403444,Rumah Pam Taman Limbungan,Seberang Perai Utara,Sungai Perai,Sg. Perai,19/09/2025 21:45,-9999.0,0.3,1.3,1.5,1.8,Pulau Pinang,,,,,,
17,5405421,Sg. Kulim di Ara Kuda,Seberang Perai Tengah,Sungai Perai,Sg. Kulim,19/09/2025 22:15,-9999.0,6.32,7.5,7.8,8.1,Pulau Pinang,,,,,,
18,5304401,Sg. Juru di Empangan Juru,Seberang Perai Tengah,Sungai Juru,Sg. Juru,19/09/2025 22:15,0.3,0.3,1.9,2.1,2.5,Pulau Pinang,,,,,,
19,5204424,Sg. Jawi di Jln. Sg. Jawi,Seberang Perai Selatan,Sungai Jawi,Sg. Jawi,19/09/2025 23:15,2.83,2.4,4.0,4.3,4.5,Pulau Pinang,,,,,,
20,5105459,Sg. Kecil,Seberang Perai Selatan,Sungai Kerian (P. Pinang),Sg. Kecil,19/09/2025 23:00,3.12,1.6,4.0,4.5,5.0,Pulau Pinang,,,,,,
21,5104001,Sg. Acheh,Seberang Perai Selatan,Sungai Kerian (P. Pinang),Sg. Kerian,19/09/2025 23:15,0.0,1.5,1.8,2.0,2.5,Pulau Pinang,,,,,,
22,5403405,Kolam Sg. Dondang,Timur Laut Pulau Pinang,Sungai Pinang,Sg. Dondang,19/09/2025 23:15,19.49,19.5,21.0,21.2,21.5,Pulau Pinang,,,,,,
23,5403403,Sg. Pinang di Jalan P. Ramlee,Timur Laut Pulau Pinang,Sungai Pinang,Sg. Pinang,19/09/2025 23:00,0.82,0.45,2.0,2.35,2.7,Pulau Pinang,,,,,,
24,5303403,Sg. Dua di Kg. Dua Bukit,Timur Laut Pulau Pinang,Sungai Dua,Sg. Dua,19/09/2025 22:30,1.31,0.64,2.5,2.8,3.2,Pulau Pinang,,,,,,
25,5302407,Sg. Ara,Barat Daya Pulau Pinang,Sungai Keluang,Sg. Ara,19/09/2025 23:30,0.0,0.5,1.65,1.8,2.0,Pulau Pinang,,,,,,
26,0050481WL,Sg. Muda di Pinang Tunggal (F2),Seberang Perai Utara,Sungai Muda (P. Pinang),Sg. Muda,19/09/2025 23:15,3.22,3.0,5.5,6.0,6.5,Pulau Pinang,,,,,,
27,191013WL,Lorong Batu Lanchang,Timur Laut Pulau Pinang,Sungai Pinang,Sg. Air Itam,19/09/2025 23:15,0.0,0.0,5.0,5.5,6.0,Pulau Pinang,,,,,,
1,4907422,Sg. Kurau di Bt. 14 Batu Kurau,Larut Matang dan Selama,Sungai Kurau,Sg. Kurau,19/09/2025 23:15,19.53,23.5,24.0,24.7,25.4,Perak,,,,,,
2,5006401,Kolam Air Bukit Merah,Kerian,Sungai Kurau,Sg. Kurau,19/09/2025 22:00,7.79,8.68,9.0,9.04,9.14,Perak,,,,,,
3,4911445,Sg. Plus di Kg. Lintang,Kuala Kangsar,Sungai Perak,Sg. Pelus,19/09/2025 23:15,52.31,52.0,54.0,54.24,54.8,Perak,,,,,,
4,4809443,Sg. Perak di Jam. Iskandar,Kuala Kangsar,Sungai Perak,Sg. Perak,19/09/2025 23:15,31.63,32.0,35.0,35.65,36.3,Perak,,,,,,
5,0181371WL,Sg. Perak di Pekan Manong (RHN),Kuala Kangsar,Sungai Perak,Sg. Perak,19/09/2025 23:15,23.96,24.42,25.0,25.6,26.85,Perak,,,,,,
6,4510463,Sg. Kinta di Kuala Pari,Kinta,Sungai Perak,Sg. Kinta,19/09/2025 23:15,29.41,30.8,35.0,35.3,36.0,Perak,,,,,,
7,0181341WL,Sg. Kampar di Kg. Baru Kuala Dipang (RHN),Kampar,Sungai Perak,Sg. Kinta,19/09/2025 23:15,21.27,21.41,22.0,22.2,23.4,Perak,,,,,,
8,4409401,Sg. Perak di Parit,Perak Tengah,Sungai Perak,Sg. Perak,19/09/2025 23:15,17.53,18.0,19.8,20.7,21.6,Perak,,,,,,
9,4209493,Sg. Perak di Teluk Sena,Perak Tengah,Sungai Perak,Sg. Perak,19/09/2025 23:15,8.89,9.5,11.0,11.5,12.0,Perak,,,,,,
10,4109401,Sg. Perak di Kg. Gajah,Perak Tengah,Sungai Perak,Sg. Perak,19/09/2025 23:15,4.98,5.5,6.5,6.7,7.0,Perak,,,,,,
11,3901401,Sg. Bidor di Changkat Jong,Hilir Perak,Sungai Perak,Sg. Bidor,19/09/2025 23:15,1.65,2.0,3.1,3.22,3.5,Perak,,,,,,
12,3814416,Sg. Slim di Slim River,Muallim,Sungai Bernam (Perak),Sg. Slim,19/09/2025 23:30,24.28,23.5,24.9,25.2,25.4,Perak,,,,,,
No Data,No Data,No Data,No Data,No Data,No Data,No Data,No Data,No Data,No Data,No Data,No Data,Selangor,No Data,No Data,No Data,No Data,No Data,No Data
1,2619402,Sg. Linggi di Kg. Mantau,Seremban,Sungai Linggi,Sg. Linggi,19/09/2025 23:00,31.28,32.0,34.0,34.3,35.0,Negeri Sembilan,,,,,,
2,2519422,Sg. Linggi di Kg. Linsum,Seremban,Sungai Linggi,Sg. Linggi,19/09/2025 23:00,5.9,7.0,8.0,9.0,10.0,Negeri Sembilan,,,,,,
3,2421401,Sg. Rembau di Titian Bintangor,Rembau,Sungai Linggi,Sg. Rembau,19/09/2025 23:15,2.48,3.9,4.2,4.5,4.8,Negeri Sembilan,,,,,,
4,0553111WL,Sg. Triang di Kg. Chenor (F1),Jelebu,Sungai Pahang (NS),Sg. Triang,19/09/2025 23:15,112.99,113.0,115.5,115.8,116.5,Negeri Sembilan,,,,,,
5,0533101WL,Sg. Triang di Juntai (F1),Jelebu,Sungai Pahang (NS),Sg. Triang,19/09/2025 16:45,66.58,66.5,67.5,68.25,69.0,Negeri Sembilan,,,,,,
6,2923401,Sg. Serting di Kg. Datok Johan,Jempol,Sungai Pahang (NS),Sg. Serting (NS),19/09/2025 23:00,72.26,72.0,73.5,74.0,74.5,Negeri Sembilan,,,,,,
7,0552171WL,Sg. Serting di Kg. Datok Johan (F1),Jempol,Sungai Pahang (NS),Sg. Serting (NS),19/09/2025 22:45,72.21,72.0,73.5,74.0,74.5,Negeri Sembilan,,,,,,
8,2625413,Sg. Muar di Pekan Rompin,Jempol,Sungai Muar (NS),Sg. Muar (NS),19/09/2025 23:00,27.53,28.0,31.0,32.0,33.0,Negeri Sembilan,,,,,,
9,2722414,Sg. Muar di Ampang Tinggi,Kuala Pilah,Sungai Muar (NS),Sg. Muar (NS),19/09/2025 23:00,77.46,77.0,79.5,80.0,80.5,Negeri Sembilan,,,,,,
10,0241181WL,Sg. Lenggeng di Pekan Lenggeng (F2),Seremban,Sungai Langat (NS),Sg. Lenggeng,19/09/2025 23:15,59.45,59.61,61.0,62.0,63.0,Negeri Sembilan,,,,,,
11,0241161WL,Sg. Batang Benar di Pekan Nilai (F2),Seremban,Sungai Langat (NS),Sg. Batang Benar,19/09/2025 23:15,16.65,16.4,18.0,18.5,19.0,Negeri Sembilan,,,,,,
12,0270491WL,Sg. Simen di Ladang Kombok (F2),Seremban,Sungai Linggi,Sg. Simin,19/09/2025 23:15,22.08,22.13,26.0,26.8,27.5,Negeri Sembilan,,,,,,
13,0260021WL,Sg. Jimah di Kg. Jimah Lama (F2),Port Dickson,Sungai Jimah,Sg. Jimah,19/09/2025 23:15,7.21,8.0,8.3,8.6,9.1,Negeri Sembilan,,,,,,
14,0270621WL,Sg. Sunggala di Kg. Sawah Sunggala (F2),Port Dickson,Sungai Menyala,Sg. Menyala,19/09/2025 23:15,1.93,1.8,3.6,3.8,4.0,Negeri Sembilan,,,,,,
15,0270371WL,Sg. Rembau di Titian Bintangor (F2),Rembau,Sungai Linggi,Sg. Rembau,19/09/2025 23:15,2.66,3.9,4.2,4.5,4.8,Negeri Sembilan,,,,,,
16,0270651WL,Sg. Rembau di Dataran Shahbandar (F2),Rembau,Sungai Linggi,Sg. Rembau,19/09/2025 23:15,-9999.0,1.1,4.0,4.5,5.0,Negeri Sembilan,,,,,,
17,0321481WL,Sg. Palong di Kg. Jeram Panjang (F2),Jempol,Sungai Muar (NS),Sg. Palong,19/09/2025 23:15,24.65,24.6,28.0,29.0,30.0,Negeri Sembilan,,,,,,
18,0321031WL,Sg. Gemas di Kg. Tiong (F2),Tampin,Sungai Muar (NS),Sg. Gemas,19/09/2025 23:15,19.8,19.0,20.5,21.5,22.5,Negeri Sembilan,,,,,,
19,0321041WL,Sg. Gemencheh di Empang Sg. Dua (F2),Tampin,Sungai Muar (NS),Sg. Gemencheh,19/09/2025 23:15,36.07,36.5,37.5,38.3,39.0,Negeri Sembilan,,,,,,
20,0320401WL,Sg. Gemencheh di Jalan Gemas-Rompin (F2),Tampin,Sungai Muar (NS),Sg. Gemencheh,19/09/2025 23:15,21.62,21.0,24.5,25.5,26.5,Negeri Sembilan,,,,,,
21,032162WL,Sg. Gemas di Bukit Jalor (F2),Tampin,Sungai Muar (NS),Sg. Gemencheh,19/09/2025 23:15,6.94,6.8,15.0,16.0,17.0,Negeri Sembilan,,,,,,
1,0270231WL,Sg. Siput di Jamb. Sg. Simpang Ampat (F2),Alor Gajah,Sungai Linggi (Melaka),Sg. Linggi,19/09/2025 23:15,23.48,23.0,26.0,27.0,29.0,Melaka,,,,,,
2,0290301WL,Sg. Siput di Kg. Sg. Siput (F2),Alor Gajah,Sungai Linggi (Melaka),Sg. Siput,19/09/2025 23:15,7.65,5.0,7.35,7.5,8.0,Melaka,,,,,,
3,0290271WL,Sg. Batang Tampin di Tanjung Rimau (F2),Alor Gajah,Sungai Melaka,Sg. Batang Tampin,19/09/2025 23:15,25.61,25.0,27.0,28.0,28.5,Melaka,,,,,,
4,0310341WL,Sg. Batang Melaka di Jambatan Tebong (F2),Alor Gajah,Sungai Melaka,Sg. Batang Melaka,19/09/2025 23:15,37.33,36.0,39.0,40.0,41.0,Melaka,,,,,,
5,0290421WL,Sg. Batang Melaka di Gadek (F2),Alor Gajah,Sungai Melaka,Sg. Batang Melaka,19/09/2025 23:15,19.49,19.0,20.0,21.0,22.0,Melaka,,,,,,
6,0290211WL,Sg. Melaka di Melaka Pindah (F2),Alor Gajah,Sungai Melaka,Sg. Melaka,19/09/2025 23:15,10.65,10.0,11.3,11.48,11.9,Melaka,,,,,,
7,0290141WL,Sg. Melaka di Pantai Belimbing (F2),Alor Gajah,Sungai Melaka,Sg. Melaka,19/09/2025 22:45,2.36,5.0,6.0,7.0,8.0,Melaka,,,,,,
8,0290161WL,Sg. Durian Tunggal di Bt. 11 Air Resam (F2),Alor Gajah,Sungai Melaka,Sg. Durian Tunggal,19/09/2025 23:15,5.92,5.0,6.0,7.0,8.0,Melaka,,,,,,
9,0290231WL,Pintu Air Durian Tunggal U/S (F2),Alor Gajah,Sungai Melaka,Sg. Melaka,19/09/2025 23:15,2.6,3.0,3.7,3.79,4.0,Melaka,,,,,,
10,0290221WL,Pintu Air Durian Tunggal D/S (F2),Alor Gajah,Sungai Melaka,Sg. Melaka,19/09/2025 23:15,1.06,3.0,3.7,3.79,4.0,Melaka,,,,,,
11,0310241WL,Sg. Chohong di Chohong (F2),Jasin,Sungai Kesang,Sg. Chohong,19/09/2025 23:15,5.08,11.3,12.8,12.98,13.4,Melaka,,,,,,
12,0310291WL,Empangan Jus (F2),Jasin,Sungai Melaka,Sg. Batang Melaka,19/09/2025 23:15,72.54,71.0,74.0,75.0,77.0,Melaka,,,,,,
13,0310211WL,Sg. Kesang di Selandar (F2),Jasin,Sungai Kesang,Sg. Selandar,19/09/2025 22:45,43.72,42.0,45.0,46.0,48.0,Melaka,,,,,,
14,0310251WL,Sg. Kesang di Rumah Pam Telok Rimba (F2),Jasin,Sungai Kesang,Sg. Kesang,19/09/2025 23:15,3.57,2.2,5.0,5.3,5.6,Melaka,,,,,,
15,0300081WL,Sg. Bemban di Bemban (F2),Jasin,Sungai Duyong,Sg. Bemban,19/09/2025 23:15,5.73,5.0,7.4,7.7,8.0,Melaka,,,,,,
16,0290241WL,Pintu Air Klebang Besar U/S (F2),Melaka Tengah,Sungai Melaka,Sg. Malim,19/09/2025 23:15,0.97,0.5,1.4,1.58,2.0,Melaka,,,,,,
17,0290351WL,Pintu Air Klebang Besar D/S (F2),Melaka Tengah,Sungai Melaka,Sg. Malim,19/09/2025 23:15,0.4,0.5,1.4,1.58,2.0,Melaka,,,,,,
18,0290341WL,Pintu Air Cheng U/S (F2),Melaka Tengah,Sungai Melaka,Sg. Melaka,19/09/2025 23:15,0.84,1.7,2.2,2.85,3.5,Melaka,,,,,,
19,0290331WL,Pintu Air Cheng D/S (F2),Melaka Tengah,Sungai Melaka,Sg. Melaka,19/09/2025 23:15,0.85,1.7,2.2,2.29,3.5,Melaka,,,,,,
20,0290491WL,Sg. Putat di Kg. Sg. Putat (F2),Melaka Tengah,Sungai Melaka,Sg. Putat,19/09/2025 23:15,1.52,1.0,3.0,4.0,5.0,Melaka,,,,,,
21,0310271WL,Barrage Sungai Melaka D/S (F2),Melaka Tengah,Sungai Melaka,Sg. Melaka,19/09/2025 23:15,0.8,-2.0,1.0,2.0,4.0,Melaka,,,,,,
1,2626401,Sg. Muar di Kg. Awat,Segamat,Sungai Muar,Sg. Muar,19/09/2025 15:00,-9999.0,18.0,18.95,19.35,19.95,Johor,,,,,,
2,2526411,Sg. Muar di Buloh Kasap,Segamat,Sungai Muar,Sg. Muar,19/09/2025 22:45,4.55,7.3,7.92,8.53,9.14,Johor,,,,,,
3,2430409,Sg. Juaseh di Ayer Panas,Segamat,Sungai Muar,Sg. Juaseh,19/09/2025 22:45,44.4,45.0,45.8,46.4,47.0,Johor,,,,,,
4,2529401,Sg. Juaseh di Felda Kemelah,Segamat,Sungai Muar,Sg. Juaseh,19/09/2025 22:45,18.6,25.0,27.0,27.6,28.2,Johor,,,,,,
5,2530401,Sg. Segamat di Segamat Kecil,Segamat,Sungai Muar,Sg. Segamat,19/09/2025 22:45,34.28,34.0,36.1,36.7,37.3,Johor,,,,,,
6,2528414,Sg. Segamat di Bandar Segamat,Segamat,Sungai Muar,Sg. Segamat,19/09/2025 22:45,2.74,5.0,7.92,8.53,9.14,Johor,,,,,,
7,0200012,Sg. Muar di Jeti Kg. Tekam,Segamat,Sungai Muar,Sg. Muar,19/09/2025 22:45,1.07,2.0,2.5,3.5,4.0,Johor,,,,,,
8,2330402,Sg. Labis di Kg. Gatom,Segamat,Sungai Muar,Sg. Labis,19/09/2025 22:45,36.91,36.0,39.9,40.5,41.1,Johor,,,,,,
9,2130402,Sg. Lenik di Kangkar Chaah,Segamat,Sungai Batu Pahat,Sg. Lenik,19/09/2025 23:15,8.35,11.0,12.6,12.72,13.0,Johor,,,,,,
10,2328401,Sg. Muar di Bukit Kepong,Muar,Sungai Muar,Sg. Muar,19/09/2025 22:45,0.14,1.0,2.0,2.74,3.3,Johor,,,,,,
11,2127401,Sg. Muar di Kg. Olak Sepam,Muar,Sungai Muar,Sg. Muar,19/09/2025 22:45,1.12,1.65,2.0,2.3,2.5,Johor,,,,,,
12,2127474,Sg. Muar di Panchor,Muar,Sungai Muar,Sg. Muar,19/09/2025 22:45,1.34,0.52,2.0,2.3,2.5,Johor,,,,,,
13,0230996,Sg. Terap di Kg. Parit Wahid,Muar,Sungai Muar,Sg. Terap,19/09/2025 22:45,1.98,1.2,4.0,5.0,6.0,Johor,,,,,,
14,2026402,Sg. Terap di Kg. Sg. Terap,Muar,Sungai Muar,Sg. Terap,19/09/2025 22:45,1.15,0.5,2.15,2.5,2.75,Johor,,,,,,
15,0152637,Sg. Sarang Buaya di Kg. Parit Tengah,Muar,Sungai Sarang Buaya,Sg. Sarang Buaya,19/09/2025 22:45,1.54,0.5,2.0,3.0,4.0,Johor,,,,,,
16,2226402,Sg. Belemang Besar di Simpang 5 Darat,Tangkak,Sungai Muar,Sg. Muar,19/09/2025 22:45,3.39,2.7,4.0,5.0,5.5,Johor,,,,,,
17,2125410,Sg. Senduk,Tangkak,Sungai Muar,Sg. Senduk,19/09/2025 22:45,0.01,0.1,0.5,0.8,1.0,Johor,,,,,,
18,2025401,Pintu Air Tanjung Agas,Tangkak,Sungai Muar,Sg. Muar,19/09/2025 22:45,1.05,1.2,4.0,5.0,6.0,Johor,,,,,,
19,2225401,Sg. Tangkak di Kg. Seri Ma'amor,Tangkak,Sungai Kesang (Johor),Sg. Tangkak,19/09/2025 22:45,1.74,2.0,3.0,3.5,4.0,Johor,,,,,,
20,2027401,Sg. Kesang di Telok Rimba,Tangkak,Sungai Kesang (Johor),Sg. Kesang,19/09/2025 23:15,1.66,2.2,2.5,3.0,3.5,Johor,,,,,,
21,2130401,Sg. Lenik di Ladang Chaah,Batu Pahat,Sungai Batu Pahat,Sg. Lenik,19/09/2025 22:45,4.71,5.0,6.0,6.5,7.0,Johor,,,,,,
22,2030401,Empangan Bekok,Batu Pahat,Sungai Batu Pahat,Sg. Bekok,19/09/2025 22:45,16.12,16.0,18.2,18.7,19.2,Johor,,,,,,
23,2130422,Sg. Bekok di Bt. 77 Jln. Yong Peng,Batu Pahat,Sungai Batu Pahat,Sg. Bekok,19/09/2025 22:45,3.29,5.0,6.55,6.73,7.16,Johor,,,,,,
24,2030402,Sg. Bekok di Bandar Yong Peng,Batu Pahat,Sungai Batu Pahat,Sg. Bekok,19/09/2025 22:45,0.8,1.6,2.0,2.4,2.74,Johor,,,,,,
25,1931425,Empangan Sembrong,Batu Pahat,Sungai Batu Pahat,Sg. Sembrong,19/09/2025 22:45,8.72,9.0,10.0,11.0,12.0,Johor,,,,,,
26,1931423,Sg. Sembrong di Bt. 2 Sembrong,Batu Pahat,Sungai Batu Pahat,Sg. Sembrong,19/09/2025 22:45,1.38,2.1,2.74,3.2,3.66,Johor,,,,,,
27,1831480,Sg. Sembrong di Parit Karjo,Batu Pahat,Sungai Batu Pahat,Sg. Sembrong,19/09/2025 22:45,0.84,1.3,2.0,2.1,2.3,Johor,,,,,,
28,1829454,Sg. Simpang Kanan di Parit Besar,Batu Pahat,Sungai Batu Pahat,Sg. Simpang Kanan,19/09/2025 22:45,0.56,0.5,1.6,1.8,2.0,Johor,,,,,,
29,1841499,Sg. Simpang Kanan di Parit Belemam,Batu Pahat,Sungai Batu Pahat,Sg. Simpang Kanan,19/09/2025 22:45,1.79,1.0,2.0,2.3,2.5,Johor,,,,,,
30,1929401,Sg. Simpang Kiri di Sri Medan,Batu Pahat,Sungai Batu Pahat,Sg. Simpang Kiri,19/09/2025 23:15,0.0,1.4,2.0,2.09,2.3,Johor,,,,,,
31,1928462,Sg. Simpang Kiri di Parit Sulong,Batu Pahat,Sungai Batu Pahat,Sg. Simpang Kiri,19/09/2025 22:45,0.95,0.5,1.4,1.6,1.8,Johor,,,,,,
32,1928464,Sg. Simpang Kiri di Tebing Tinggi,Batu Pahat,Sungai Batu Pahat,Sg. Simpang Kiri,19/09/2025 22:45,0.66,0.5,2.0,2.5,3.0,Johor,,,,,,
33,1829478,Sg. Batu Pahat di JPS Batu Pahat,Batu Pahat,Sungai Batu Pahat,Sg. Batu Pahat,19/09/2025 22:45,2.3,1.0,2.3,2.6,3.0,Johor,,,,,,
34,1730482,Sg. Senggarang di Senggarang,Batu Pahat,Sungai Senggarang,Sg. Senggarang,19/09/2025 22:45,2.47,2.7,3.0,3.15,3.5,Johor,,,,,,
35,1731492,Sg. Rengit di Rengit,Batu Pahat,Sungai Rengit,Sg. Rengit,19/09/2025 23:15,-0.15,1.0,2.5,2.7,2.9,Johor,,,,,,
36,2232402,Sg. Paloh di Pekan Paloh,Kluang,Sungai Endau,Sg. Paloh,19/09/2025 22:45,32.22,32.0,35.0,36.0,37.0,Johor,,,,,,
37,2033490,Sg. Mengkibol di Bandar Kluang,Kluang,Sungai Endau,Sg. Mengkibol,19/09/2025 22:45,22.66,23.0,24.0,24.5,25.0,Johor,,,,,,
38,2135401,Sg. Kahang di Kg. Contoh,Kluang,Sungai Endau,Sg. Kahang,19/09/2025 22:45,11.09,10.0,13.8,14.1,14.5,Johor,,,,,,
39,1832401,Empangan Machap,Kluang,Sungai Benut,Sg. Benut,19/09/2025 22:45,15.26,16.5,17.0,17.1,17.4,Johor,,,,,,
40,1833401,Sg. Benut di Simpang Renggam,Kluang,Sungai Benut,Sg. Benut,19/09/2025 22:45,4.91,5.0,6.1,6.6,7.0,Johor,,,,,,
41,1834403,Sg. Siam di Kg. Sg. Siam,Kulai,Sungai Johor,Sg. Sayong,19/09/2025 22:45,18.15,19.0,20.1,20.4,20.7,Johor,,,,,,
42,1735401,Sg. Siku di Kg. Murni Jaya,Kulai,Sungai Johor,Sg. Sayong,19/09/2025 22:45,17.04,15.0,17.5,17.8,18.1,Johor,,,,,,
43,No Data,Kolam Air di Bt. 21 Kulai,Kulai,Sungai Skudai,Sg. Skudai,19/09/2025 22:45,23.6,22.0,24.0,24.5,25.0,Johor,,,,,,
44,1636401,Sg. Skudai di Kg. Separa,Kulai,Sungai Skudai,Sg. Skudai,19/09/2025 22:45,14.12,14.0,16.0,16.5,17.0,Johor,,,,,,
45,1536401,Kolam Air di Taman Aman,Kulai,Sungai Skudai,Sg. Skudai,19/09/2025 22:45,23.2,23.0,23.7,24.2,24.7,Johor,,,,,,
46,1734402,Sg. Ulu Pontian Besar di Kg. Melayu Bukit Batu,Kulai,Sungai Pontian Besar,Sg. Pontian Besar,19/09/2025 22:45,8.7,9.0,10.5,11.0,11.5,Johor,,,,,,
47,1635401,Sg. Pontian Besar di Kg. Sri Paya,Kulai,Sungai Pontian Besar,Sg. Pontian Besar,19/09/2025 22:45,-9999.0,9.0,12.0,13.0,14.0,Johor,,,,,,
48,1534413,Sg. Pontian Besar di Kg. Kabong,Pontian,Sungai Pontian Besar,Sg. Pontian Besar,19/09/2025 22:45,0.19,1.2,4.0,5.0,6.0,Johor,,,,,,
49,1534403,Sg. Ayer Hitam di Kg. Paya Embun,Pontian,Sungai Pontian Besar,Sg. Ayer Hitam,19/09/2025 22:45,3.35,3.5,4.5,5.0,5.5,Johor,,,,,,
50,1732405,Pintu Air Parit Salleh,Pontian,Sungai Benut,Sg. Benut,19/09/2025 22:45,0.95,0.0,2.0,2.3,3.0,Johor,,,,,,
51,1435404,Sg. Pulai di Kg. Ulu Pulai,Pontian,Sungai Pulai,Sg. Pulai,19/09/2025 22:45,2.3,0.5,2.4,2.7,3.0,Johor,,,,,,
52,No Data,Sg. Gelang Patah di Kg. Baru Muafakat,Johor Bahru,Sungai Pulai,Sg. Gelang Patah,19/09/2025 22:45,1.49,0.5,2.72,2.92,3.22,Johor,,,,,,
53,7239550,Kolam Air di Nusa Duta,Johor Bahru,Sungai Danga,Sg. Danga,19/09/2025 22:45,1.88,3.0,4.0,5.0,6.0,Johor,,,,,,
54,1536413,Sg. Skudai di Kg. Laut,Johor Bahru,Sungai Skudai,Sg. Skudai,19/09/2025 22:45,1.87,1.0,2.3,2.6,3.0,Johor,,,,,,
55,1436401,Parit Keliling di Kg. Pasir,Johor Bahru,Sungai Skudai,Sg. Skudai,19/09/2025 22:45,0.13,-0.3,0.0,0.5,1.0,Johor,,,,,,
56,1537401,Sg. Tebrau di Kg. Maju Jaya,Johor Bahru,Sungai Tebrau,Sg. Tebrau,19/09/2025 22:45,4.92,7.9,8.2,8.8,9.4,Johor,,,,,,
57,1537402,Sg. Tebrau di Taman Sri Pandan,Johor Bahru,Sungai Tebrau,Sg. Tebrau,19/09/2025 22:45,1.68,1.0,1.8,2.0,2.3,Johor,,,,,,
58,1538401,Sg. Plentong di Klinik Desa Plentong,Johor Bahru,Sungai Tebrau,Sg. Plentong,19/09/2025 16:45,0.58,1.0,3.0,3.5,4.0,Johor,,,,,,
59,1438402,Sg. Masai di Kg. Sepakat,Johor Bahru,Sungai Masai,Sg. Masai,19/09/2025 22:45,2.45,2.0,4.7,5.3,5.9,Johor,,,,,,
60,11111222,Sg. Tiram di Kg. Bukit Dagang,Johor Bahru,Sungai Johor,Sg. Tiram,19/09/2025 22:45,1.78,1.0,2.0,3.0,4.0,Johor,,,,,,
61,1836446,Sg. Linggiu di Linggiu,Kota Tinggi,Sungai Johor,Sg. Linggiu,19/09/2025 22:45,25.72,26.0,28.0,29.0,30.0,Johor,,,,,,
62,1737451,Sg. Johor di Rantau Panjang,Kota Tinggi,Sungai Johor,Sg. Johor,19/09/2025 22:45,2.76,4.0,7.6,8.7,9.8,Johor,,,,,,
63,,Sg. Kepala Orang di Kg. Sri Jaya,Kota Tinggi,Sungai Johor,Sg. Kepala Orang,19/09/2025 22:45,5.57,6.0,7.0,7.5,8.0,Johor,,,,,,
64,1738401,Sg. Johor di Kota Tinggi,Kota Tinggi,Sungai Johor,Sg. Johor,19/09/2025 22:45,1.15,0.5,2.0,2.3,2.6,Johor,,,,,,
65,1442402,Sg. Pungai di Punggai,Kota Tinggi,Sungai Punggai,Sg. Punggai,19/09/2025 22:45,0.82,0.0,1.1,1.3,1.5,Johor,,,,,,
66,1841402,Sg. Sedili Kecil di Sedili Kecil,Kota Tinggi,Sungai Sedili Kecil,Sg. Sedili Kecil,19/09/2025 22:45,0.25,0.7,1.9,2.2,2.5,Johor,,,,,,
67,2536468,Sg. Endau di Kg. Labong,Mersing,Sungai Endau,Sg. Endau,19/09/2025 22:45,0.6,0.5,1.8,2.0,2.2,Johor,,,,,,
68,7360911,Sg. Tenglu Kecil di Kg. Tenglu Kecil,Mersing,Sungai Tenglu Besar,Sg. Tenglu Kecil,19/09/2025 22:45,0.12,0.0,1.2,1.5,1.8,Johor,,,,,,
69,7360922,Sg. Paya Dato,Mersing,Sungai Jemaluang,Sg. Jemaluang,19/09/2025 22:45,0.62,0.0,1.0,1.5,2.0,Johor,,,,,,
1,3930401,Sg. Kuantan di Bukit Kenau,Kuantan,Sungai Kuantan,Sg. Kuantan,19/09/2025 23:15,18.72,17.0,20.0,20.75,21.5,Pahang,,,,,,
2,0553231WL,Hulu Sg. Merah,Cameron Highlands,Sungai Pahang,Sungai Merah,19/09/2025 23:15,1180.33,1180.62,1182.5,1182.8,1183.4,Pahang,,,,,,
3,0553221WL,Middle Sg. Ringlet,Cameron Highlands,Sungai Pahang,Sungai Ringlet,19/09/2025 23:15,1161.43,1161.12,1162.5,1162.8,1163.2,Pahang,,,,,,
4,0553241WL,Sg. Ringlet di Pekan Ringlet,Cameron Highlands,Sungai Pahang,Sungai Ringlet,19/09/2025 23:15,1079.04,1079.01,1079.13,1082.5,1083.0,Pahang,,,,,,
5,0553061WL,Sg. Telom di Blue Valley (F1),Cameron Highlands,Sungai Pahang,Sg. Telum,19/09/2025 23:15,1397.37,1398.4,1399.2,1399.6,1400.0,Pahang,,,,,,
6,0552351WL,Sg. Ikan (F1),Cameron Highlands,Sungai Pahang,Sg. Ikan,19/09/2025 23:15,1277.31,1277.5,1278.7,1279.0,1279.3,Pahang,,,,,,
7,4514401,Sg. Ikan,Cameron Highlands,Sungai Pahang,Sg. Ikan,19/09/2025 23:00,1273.71,1277.5,1278.7,1279.0,1279.3,Pahang,,,,,,
8,C00003,Sg. Bertam di SJK (C) Lembah Bertam,Cameron Highlands,Sungai Pahang,Sg. Bertam,19/09/2025 23:00,1015.23,1015.43,1017.5,1018.35,1018.65,Pahang,,,,,,
9,C00004,Sg. Bertam di Jambatan Kebun,Cameron Highlands,Sungai Pahang,Sg. Bertam,19/09/2025 23:00,997.96,1007.0,1008.0,1009.02,1010.22,Pahang,,,,,,
10,0552321WL,Sg. Jelai di Kuala Medang (F1),Lipis,Sungai Pahang,Sg. Jelai,19/09/2025 23:15,80.45,79.5,82.5,83.5,84.5,Pahang,,,,,,
11,0552281WL,Sg. Tanum di Jam. Chegar Perah (F1),Lipis,Sungai Pahang,Sg. Tanum,19/09/2025 23:15,94.06,94.95,96.5,97.25,98.0,Pahang,,,,,,
12,0552861WL,Sg. Jelai di Bukit Betong (F1),Lipis,Sungai Pahang,Sg. Jelai,19/09/2025 23:15,66.25,66.0,70.0,71.0,72.0,Pahang,,,,,,
13,4219415,Sg. Jelai di Bukit Betong,Lipis,Sungai Pahang,Sg. Jelai,19/09/2025 23:00,66.47,66.0,70.0,71.0,72.0,Pahang,,,,,,
14,0552231WL,Sg. Jelai di Jeram Bungor (F1),Lipis,Sungai Pahang,Sg. Jelai,19/09/2025 23:15,54.4,55.0,58.0,60.0,62.0,Pahang,,,,,,
15,0552151WL,Sg. Kechau di Kg. Dusun (F1),Lipis,Sungai Pahang,Sg. Kechau,19/09/2025 21:30,78.32,79.0,80.0,81.0,82.5,Pahang,,,,,,
16,0552421WL,Sg. Tembeling di Kg. Bantal Seberang (F1),Jerantut,Sungai Pahang,Sg. Tembeling,19/09/2025 23:15,100.0,102.0,104.0,105.0,106.0,Pahang,,,,,,
17,4324454,Sg. Tembeling di Kuala Tahan,Jerantut,Sungai Pahang,Sg. Tembeling,19/09/2025 23:00,59.58,60.0,64.0,66.0,68.0,Pahang,,,,,,
18,0552271WL,Sg. Tembeling di Kg. Merting (F1),Jerantut,Sungai Pahang,Sg. Tembeling,19/09/2025 23:15,52.26,52.0,56.0,58.0,60.0,Pahang,,,,,,
19,0553481WL,Sg. Pahang di Kuala Tembeling,Jerantut,Sungai Pahang,Sg. Pahang,19/09/2025 23:00,45.27,45.0,49.0,51.0,53.0,Pahang,,,,,,
20,0552401WL,Sg. Pahang di Jerantut Feri (F1),Jerantut,Sungai Pahang,Sg. Pahang,19/09/2025 23:15,41.5,41.0,45.0,47.0,49.0,Pahang,,,,,,
21,4017401,Sg. Lipis di Batu Malim,Raub,Sungai Pahang,Sg. Lipis,19/09/2025 23:00,112.19,113.2,114.0,114.24,114.8,Pahang,,,,,,
22,0552341RF,Sg. Dong di Kg. Peruas (F1),Raub,Sungai Pahang,Sg. Dong,19/09/2025 23:00,132.85,132.5,133.6,134.16,135.0,Pahang,,,,,,
23,0553401WL,Sg. Semantan di Kg. Lengkong (F1),Bentong,Sungai Pahang,Sg. Semantan,19/09/2025 21:30,49.06,49.0,51.0,52.0,53.0,Pahang,,,,,,
24,0551991WL,Sg. Semantan di Kg. Mempateh,Temerloh,Sungai Pahang,Sg. Semantan,19/09/2025 23:00,38.82,41.0,43.5,45.0,46.0,Pahang,,,,,,
25,0551981WL,Sg. Semantan di Jam. Keretapi Mentakab (F1),Temerloh,Sungai Pahang,Sg. Semantan,19/09/2025 23:15,29.81,31.5,33.5,35.5,37.0,Pahang,,,,,,
26,0552041WL,Sg. Pahang di Kuala Krau (F1),Temerloh,Sungai Pahang,Sg. Pahang,19/09/2025 23:15,36.11,34.5,36.5,38.5,40.0,Pahang,,,,,,
27,0553041WL,Sg. Pahang di Lubuk Pasu (F1),Temerloh,Sungai Pahang,Sg. Pahang,19/09/2025 23:15,24.21,26.0,29.0,31.0,33.0,Pahang,,,,,,
28,0553091WL,Sg. Triang di Triang (F1),Bera,Sungai Pahang,Sg. Triang,19/09/2025 23:15,32.61,31.0,33.5,33.8,34.5,Pahang,,,,,,
29,0552101WL,Sg. Serting di Jam. Pdg. Gudang (F1),Bera,Sungai Pahang,Sg. Serting,19/09/2025 23:15,29.04,28.2,30.5,31.0,31.5,Pahang,,,,,,
30,,Sg. Bera di Jam. Sg. Bera (F1),Bera,Sungai Pahang,Sg. Bera,19/09/2025 23:15,19.87,21.0,24.0,25.0,26.0,Pahang,,,,,,
31,0553021WL,Sg. Pahang di Kg. Chenor (F1),Maran,Sungai Pahang,Sg. Pahang,19/09/2025 23:15,17.55,16.8,20.7,22.1,23.5,Pahang,,,,,,
32,,Bandar Maran di Sg. Maran (F1),Maran,Sungai Pahang,Sg. Maran,19/09/2025 23:00,20.48,21.3,23.0,24.0,25.0,Pahang,,,,,,
33,,Sg. Luit di Kg. Subuh (F1),Maran,Sungai Pahang,Sg. Luit,19/09/2025 23:15,24.97,24.0,25.5,26.0,27.5,Pahang,,,,,,
34,3428401,Sg. Pahang di Kuala Sg. Chini,Pekan,Sungai Pahang,Sg. Pahang,19/09/2025 23:00,9.06,11.0,14.27,14.46,14.9,Pahang,,,,,,
35,0551971WL,Sg. Mentiga di Jam. Chini (F1),Pekan,Sungai Pahang,Sg. Mentiga,19/09/2025 22:45,11.37,12.5,15.0,15.5,16.0,Pahang,,,,,,
36,3431401,Sg. Pahang di Paloh Hinai,Pekan,Sungai Pahang,Sg. Pahang,19/09/2025 23:00,2.33,6.5,9.4,9.67,10.3,Pahang,,,,,,
37,0552411WL,Sg. Pahang Tua di Pahang Tua (F1),Pekan,Sungai Pahang,Sg. Pahang Tua,19/09/2025 23:15,1.05,5.5,7.0,8.0,9.0,Pahang,,,,,,
38,0553051WL,Sg. Pahang di Pekan (F1),Pekan,Sungai Pahang,Sg. Pahang,19/09/2025 23:15,-0.99,1.0,2.44,3.05,3.66,Pahang,,,,,,
39,0551911WL,Sg. Pahang di Muara Pekan (F1),Pekan,Sungai Pahang,Sg. Pahang,19/09/2025 23:15,-0.35,0.5,1.7,2.0,2.3,Pahang,,,,,,
40,0551931WL,Sg. Lepar di Jam. Gelugor (F1),Kuantan,Sungai Pahang,Sg. Lepar,19/09/2025 23:15,26.86,27.0,28.5,29.25,30.0,Pahang,,,,,,
41,3831401,Sg. Kuantan di Pasir Kemudi,Kuantan,Sungai Kuantan,Sg. Kuantan,19/09/2025 23:00,2.8,2.0,4.6,6.4,8.2,Pahang,,,,,,
42,3832420,Sg. Kuantan di Kuantan Bypass,Kuantan,Sungai Kuantan,Sg. Kuantan,19/09/2025 23:00,0.0,0.5,3.0,3.15,3.5,Pahang,,,,,,
43,3432401,Sg. Belat di Sri Damai,Kuantan,Sungai Kuantan,Sg. Belat,19/09/2025 23:00,2.55,1.5,3.0,4.0,5.0,Pahang,,,,,,
44,3133401,Sg. Cherating di Cherating,Kuantan,Sungai Cherating,Sg. Cherating,19/09/2025 23:00,2.9,1.5,3.0,3.3,4.0,Pahang,,,,,,
45,2630401,Sg. Pukin,Rompin,Sungai Rompin,Sg. Pukin,19/09/2025 23:00,38.37,40.8,44.0,44.3,45.0,Pahang,,,,,,
46,2636482,Sg. Endau di Tanjung Gemok,Rompin,Sungai Endau (Pahang),Sg. Endau,19/09/2025 23:00,0.0,1.0,3.2,3.38,3.8,Pahang,,,,,,
1,5424401,Sg. Besut di Jambatan Keruak,Besut,Sungai Besut,Sg. Besut,19/09/2025 23:00,30.99,28.5,33.0,34.0,35.0,Terengganu,,,,,,
2,5524401,Sg. Besut di Kg. La,Besut,Sungai Besut,Sg. Besut,19/09/2025 23:00,16.64,16.5,19.8,20.8,21.8,Terengganu,,,,,,
3,5724411,Sg. Besut di Jambatan Jerteh,Besut,Sungai Besut,Sg. Besut,19/09/2025 23:00,2.19,2.3,6.0,7.0,8.5,Terengganu,,,,,,
4,0670271WL,Sg. Nerus di Kg. Bukit (F1),Setiu,Sungai Terengganu,Sg. Nerus,19/09/2025 01:45,7.12,6.0,10.5,12.0,13.2,Terengganu,,,,,,
5,5229436,Sg. Nerus di Kg. Bukit,Setiu,Sungai Terengganu,Sg. Nerus,19/09/2025 23:00,7.05,6.0,10.5,12.0,13.2,Terengganu,,,,,,
6,5426401,Sg. Setiu di Kg. Besut (RHN),Setiu,Sungai Setiu,Sg. Ima Putih,19/09/2025 23:15,13.5,13.3,16.0,17.0,17.5,Terengganu,,,,,,
7,5428401,Sg. Chalok di Jambatan Chalok,Setiu,Sungai Setiu,Sg. Chalok,19/09/2025 08:00,5.59,5.0,7.0,7.7,8.4,Terengganu,,,,,,
8,0670411WL,Sg. Terengganu di Jambatan Kuala Berang (F1),Hulu Terengganu,Sungai Terengganu,Sg. Terengganu,19/09/2025 23:15,4.3,4.5,9.0,11.0,13.0,Terengganu,,,,,,
9,5130432,Sg. Terengganu di Kg. Tanggol,Hulu Terengganu,Sungai Terengganu,Sg. Terengganu,19/09/2025 23:00,1.99,2.0,8.0,9.0,9.8,Terengganu,,,,,,
10,4934041,Sg. Berang di Kg. Menerong,Hulu Terengganu,Sungai Terengganu,Sg. Berang,19/09/2025 23:00,20.11,20.0,23.5,24.0,24.5,Terengganu,,,,,,
11,0670461WL,Sg. Peneh di Kg. Felda Mengkawang (F1),Hulu Terengganu,Sungai Terengganu,Sg. Peneh,19/09/2025 23:15,35.74,35.0,36.5,37.0,37.5,Terengganu,,,,,,
12,0670351WL,Sg. Tersat di Kg. Sekayu (F1),Hulu Terengganu,Sungai Terengganu,Sg. Tersat,19/09/2025 23:00,18.01,18.0,19.0,20.0,21.0,Terengganu,,,,,,
13,0670371WL,Sg. Terengganu di Rumah Pam Pulau Bahagia (F1),Kuala Terengganu,Sungai Terengganu,Sg. Terengganu,19/09/2025 23:15,1.03,1.5,2.0,3.0,4.0,Terengganu,,,,,,
14,0670521WL,Sg. Terengganu di Muzium Terengganu (F1),Kuala Terengganu,Sungai Terengganu,Sg. Terengganu,19/09/2025 23:15,-0.44,0.5,1.6,2.0,2.4,Terengganu,,,,,,
15,0670401WL,Sg. Terengganu di Bukit Tumbuh (F1),Kuala Terengganu,Sungai Terengganu,Sg. Terengganu,19/09/2025 23:00,-0.16,0.5,1.6,2.0,2.5,Terengganu,,,,,,
16,0670341WL,Sg. Terengganu di Drawbridge (F1),Kuala Terengganu,Sungai Terengganu,Sg. Terengganu,19/09/2025 17:15,0.23,0.3,1.4,1.6,1.8,Terengganu,,,,,,
17,0670531WL,Parit Utama di Padang Kemunting (F1),Kuala Nerus,Sungai Terengganu,Sg. Terengganu,19/09/2025 23:15,2.58,1.5,3.2,3.6,3.8,Terengganu,,,,,,
18,4232401,Sg. Kemaman di Jamb. Air Putih,Kemaman,Sungai Kemaman,Sg. Kemaman,19/09/2025 23:15,8.72,9.0,12.5,13.0,14.0,Terengganu,,,,,,
19,4233453,Sg. Kemaman di Rumah Pam Paya Paman,Kemaman,Sungai Kemaman,Sg. Kemaman,19/09/2025 22:00,0.36,1.4,3.0,3.5,4.0,Terengganu,,,,,,
20,0700201WL,Sg. Besut di Jambatan Keruak (F2),Besut,Sungai Besut,Sg. Besut,19/09/2025 23:15,30.94,28.5,33.0,34.0,35.0,Terengganu,,,,,,
21,0700191WL,Sg. Besut di Kg. La (F2),Besut,Sungai Besut,Sg. Besut,19/09/2025 23:15,16.7,16.5,19.8,20.8,21.8,Terengganu,,,,,,
22,0690071WL,Sg. Keluang di Kg. Tembila (F2),Besut,Sungai Keluang Besar,Sg. Keluang Besar,19/09/2025 23:15,-99.99,0.0,0.0,0.0,0.0,Terengganu,,,,,,
23,0700261WL,Sg. Besut di Kuala Besut (F2),Besut,Sungai Besut,Sg. Besut,19/09/2025 23:15,-0.26,3.0,4.0,5.0,6.0,Terengganu,,,,,,
24,0680271WL,Sg. Setiu di Jambatan Permaisuri (F2),Setiu,Sungai Setiu,Sg. Setiu,19/09/2025 23:15,7.05,5.5,7.6,8.3,8.8,Terengganu,,,,,,
25,0680171WL,Sg. Chalok di Jambatan Chalok (F2),Setiu,Sungai Setiu,Sg. Chalok,19/09/2025 23:15,5.35,5.0,7.0,7.7,8.4,Terengganu,,,,,,
26,0680221WL,Sg. Guntung di Jambatan Guntung (F2),Setiu,Sungai Setiu,Sg. Guntung,19/09/2025 23:15,9.03,0.0,0.0,0.0,0.0,Terengganu,,,,,,
27,0680211WL,Sg. Setiu di Jambatan Che Selamah (F2),Setiu,Sungai Setiu,Sg. Setiu,19/09/2025 23:15,0.37,0.0,0.0,0.0,0.0,Terengganu,,,,,,
28,0650041WL,Sg. Marang di Jamb. Pengkalan Berangan (F2),Marang,Sungai Marang,Sg. Marang,19/09/2025 23:15,-0.51,1.0,2.0,2.4,2.7,Terengganu,,,,,,
29,0630151WL,Sg. Dungun di Kuala Jengai (F2),Dungun,Sungai Dungun,Sg. Dungun,19/09/2025 23:30,14.18,14.0,19.5,20.0,21.0,Terengganu,,,,,,
30,0630231WL,Sg. Dungun di Kuala Dungun (F2),Dungun,Sungai Dungun,Sg. Dungun,19/09/2025 23:15,-0.35,0.0,0.0,0.0,0.0,Terengganu,,,,,,
31,0630201WL,Sg. Dungun di Kg. Jongok Batu (F2),Dungun,Sungai Dungun,Sg. Dungun,19/09/2025 23:15,20.33,0.0,0.0,0.0,0.0,Terengganu,,,,,,
32,0620051WL,Sg. Paka di Kg. Luit (F2),Dungun,Sungai Paka,Sg. Paka,19/09/2025 23:15,2.87,0.0,0.0,0.0,0.0,Terengganu,,,,,,
33,0600201WL,Sg. Kemaman di Jamb. Air Putih (F2),Kemaman,Sungai Kemaman,Sg. Kemaman,19/09/2025 23:15,7.97,9.0,12.5,13.0,14.0,Terengganu,,,,,,
34,0600161WL,Sg. Cukai di Kg. Yak Yah (F2),Kemaman,Sungai Kemaman,Sg. Chukai,19/09/2025 23:15,-0.34,0.0,0.0,0.0,0.0,Terengganu,,,,,,
35,0600251WL,Sg. Kemaman di Kg. Rantau Panjang (F2),Kemaman,Sungai Kemaman,Sg. Kemaman,19/09/2025 23:10,3.9,0.0,0.0,0.0,0.0,Terengganu,,,,,,
36,0600261WL,Sg. Mas di Kg. Sg. Mas (F2),Kemaman,Sungai Kemaman,Sg. Kemaman,19/09/2025 23:15,29.27,0.0,0.0,0.0,0.0,Terengganu,,,,,,
37,0600241WL,Muara Sg. Kemaman di Kg. Geliga (F2),Kemaman,Sungai Kemaman,Sg. Kemaman,19/09/2025 23:15,0.25,0.0,0.0,0.0,0.0,Terengganu,,,,,,
No Data,No Data,No Data,No Data,No Data,No Data,No Data,No Data,No Data,No Data,No Data,No Data,Kelantan,No Data,No Data,No Data,No Data,No Data,No Data
1,1599401,Ulu Batang Kayan,Kuching,Batang Kayan,Btg. Kayan,19/09/2025 23:15,2.65,6.0,13.0,14.0,15.0,Sarawak,,,,,,
2,1102401,Aman 5 Bridge,Kuching,Sungai Sarawak,Sg. Semadang,19/09/2025 23:15,31.24,31.2,37.4,37.58,38.0,Sarawak,,,,,,
3,1200401,Sungai Pedid,Kuching,Sungai Sarawak,Sg. Spora,19/09/2025 23:15,14.31,14.25,20.53,20.71,21.13,Sarawak,,,,,,
4,1302428,Kampung Git,Kuching,Sungai Sarawak,Sg. Sarawak Kiri,19/09/2025 23:15,5.28,4.74,12.29,12.79,13.29,Sarawak,,,,,,
5,1301427,Buan Bidi,Kuching,Sungai Sarawak,Sg. Sarawak Kanan,19/09/2025 23:15,11.25,11.5,15.0,16.5,18.0,Sarawak,,,,,,
6,1400401,Sungai Opar,Kuching,Sungai Sarawak,Sg. Opar,19/09/2025 23:15,11.73,12.0,15.83,16.01,16.43,Sarawak,,,,,,
7,1401403,RTB Bau,Kuching,Sungai Sarawak,Sg. Sarawak Kanan,19/09/2025 23:15,8.52,10.0,12.46,12.58,12.86,Sarawak,,,,,,
8,1401401,Bau Bridge,Kuching,Sungai Sarawak,Sg. Sarawak Kanan,19/09/2025 23:15,5.23,5.3,12.46,12.58,12.86,Sarawak,,,,,,
9,1401402,Buso,Kuching,Sungai Sarawak,Sg. Sarawak Kanan,19/09/2025 23:15,1.1,1.8,8.0,10.2,10.7,Sarawak,,,,,,
10,1402401,Siniawan,Kuching,Sungai Sarawak,Sg. Sarawak Kanan,19/09/2025 23:15,-0.08,1.05,5.5,6.2,7.2,Sarawak,,,,,,
11,1502404,Batu Kawa Bridge,Kuching,Sungai Sarawak,Sg. Sarawak,19/09/2025 23:15,0.64,1.5,2.5,3.0,4.2,Sarawak,,,,,,
12,1502402,Desa Wira,Kuching,Sungai Sarawak,Sg. Sarawak,19/09/2025 23:15,0.33,0.53,3.1,3.3,3.5,Sarawak,,,,,,
13,1503434,Central Park,Kuching,Sungai Sarawak,Sg. Maong,19/09/2025 23:15,0.12,0.51,3.86,4.0,4.24,Sarawak,,,,,,
14,1502435,Kuala Maong,Kuching,Sungai Sarawak,Sg. Maong,19/09/2025 23:15,-0.05,0.25,2.0,2.24,2.8,Sarawak,,,,,,
15,1503407,Satok B,Kuching,Sungai Sarawak,Sg. Sibu,19/09/2025 23:15,-0.22,0.27,2.4,2.52,2.8,Sarawak,,,,,,
16,1503406,Padungan,Kuching,Sungai Sarawak,Sg. Sarawak,19/09/2025 23:15,0.15,0.5,2.6,2.81,3.3,Sarawak,,,,,,
17,1504403,Barrage,Kuching,Sungai Sarawak,Sg. Sarawak,19/09/2025 23:15,-0.06,0.8,2.8,2.92,3.2,Sarawak,,,,,,
18,1504402,Sejingkat,Kuching,Sungai Sarawak,Sg. Sarawak,19/09/2025 23:15,-1.2,1.0,2.9,3.2,3.75,Sarawak,,,,,,
19,1502405,Sungai Tengah,Kuching,Sungai Sarawak,Sg. Tengah,19/09/2025 23:15,4.33,5.0,7.1,7.28,7.7,Sarawak,,,,,,
20,1502403,Malihah,Kuching,Sungai Sarawak,Sg. Minjap,19/09/2025 23:15,2.77,3.42,6.8,7.1,7.4,Sarawak,,,,,,
21,1601401,Kampung Rayu,Kuching,Sungai Sarawak,Sg. Rayu,19/09/2025 23:15,2.27,2.3,10.3,10.9,11.5,Sarawak,,,,,,
22,1602402,Kampung Salak,Kuching,Sungai Sarawak,Btg. Salak,19/09/2025 23:15,-1.77,1.35,3.4,3.6,3.8,Sarawak,,,,,,
23,1704415,Pulau Lakei,Kuching,Sungai Sarawak,Laut,19/09/2025 23:15,-9999.0,3.0,3.8,4.1,4.5,Sarawak,,,,,,
24,1304439,Batu Gong,Serian,Batang Samarahan,Sg. Tuang,19/09/2025 23:15,2.58,2.41,4.56,5.9,6.5,Sarawak,,,,,,
25,1004438,Krusen,Serian,Batang Sadong,Sg. Batang Kayan,19/09/2025 23:15,11.21,11.93,15.2,16.3,17.4,Sarawak,,,,,,
26,1005447,Meringgu,Serian,Batang Sadong,Sg. Kedup,19/09/2025 23:15,14.58,11.92,15.0,16.0,16.5,Sarawak,,,,,,
27,1105401,Serian,Serian,Batang Sadong,Sg. Batang Kayan,19/09/2025 23:15,5.07,4.49,8.3,8.51,9.0,Sarawak,,,,,,
28,101286,8th Mile,Samarahan,Batang Samarahan,Btg. Samarahan,19/09/2025 23:15,5.14,6.04,8.64,9.54,10.04,Sarawak,,,,,,
29,1503408,Mid Sungai Kuap,Samarahan,Sungai Sarawak,Sg. Kuap,19/09/2025 23:15,-1.32,0.6,3.0,3.3,3.8,Sarawak,,,,,,
30,1506401,Asajaya Water Intake,Samarahan,Batang Samarahan,Sg. Moyan,19/09/2025 23:15,1.56,1.95,3.62,4.12,4.72,Sarawak,,,,,,
31,1206401,Gedong,Samarahan,Batang Sadong,Btg. Kerang,19/09/2025 23:15,0.13,3.1,4.82,5.9,6.3,Sarawak,,,,,,
32,1108401,Sabal Kruin,Samarahan,Batang Sadong,Sg. Simunjan,19/09/2025 23:15,-9999.0,4.84,6.91,7.52,8.32,Sarawak,,,,,,
33,1220402,Nanga Delok,Sri Aman,Batang Lupar,Btg. Ai,19/09/2025 21:30,9.73,22.0,23.25,23.75,24.05,Sarawak,,,,,,
34,1519401,Bau Sungai,Sri Aman,Batang Lupar,Btg. Sekerang,19/09/2025 21:30,14.03,13.0,16.0,17.0,20.0,Sarawak,,,,,,
35,1116402,Engkilili JKR Wharf,Sri Aman,Batang Lupar,Btg. Lupar,19/09/2025 22:00,-9999.0,7.11,8.8,9.43,9.79,Sarawak,,,,,,
36,1214403,Sri Aman Telemetry,Sri Aman,Batang Lupar,Btg. Lupar,19/09/2025 23:15,1.95,3.0,4.9,5.2,5.5,Sarawak,,,,,,
37,1111401,Pantu,Sri Aman,Batang Lupar,Btg. Seterap,19/09/2025 23:15,5.0,1.8,4.9,5.58,6.3,Sarawak,,,,,,
38,1415401,Nanga Lubau,Betong,Batang Saribas,Btg. Layar,19/09/2025 23:00,1.73,1.45,7.49,8.09,9.79,Sarawak,,,,,,
39,1515401,Nanga Samu,Betong,Batang Saribas,Btg. Paku,19/09/2025 23:15,4.59,1.45,7.49,8.09,9.79,Sarawak,,,,,,
40,1415404,Betong,Betong,Batang Saribas,Btg. Layar,19/09/2025 23:15,1.36,2.8,4.86,5.16,5.76,Sarawak,,,,,,
41,1714401,Kaki Wong,Betong,Batang Krian,Btg. Krian,19/09/2025 23:15,-9999.0,13.61,16.44,17.04,17.64,Sarawak,,,,,,
42,1812401,Roban,Betong,Batang Krian,Sg. Sebelak,19/09/2025 23:15,0.88,3.85,4.6,5.0,5.2,Sarawak,,,,,,
43,2939401,Sambop B,Kapit,Batang Rajang,Btg. Belaga,19/09/2025 15:30,-9999.0,6.0,15.86,16.85,19.12,Sarawak,,,,,,
44,2737402,Giam Pasang B,Kapit,Batang Rajang,Btg. Belaga,19/09/2025 23:15,1.53,3.0,5.0,5.5,6.0,Sarawak,,,,,,
45,2737413,Belaga,Kapit,Batang Rajang,Btg. Belaga,19/09/2025 23:15,42.43,41.06,47.3,50.9,52.0,Sarawak,,,,,,
46,2333401,Punan Bah B,Kapit,Batang Rajang,Btg. Belaga,19/09/2025 23:15,6.15,5.37,9.0,10.0,11.0,Sarawak,,,,,,
47,2230443,Nanga Merit,Kapit,Batang Rajang,Btg. Belaga,19/09/2025 23:15,18.09,18.0,20.0,23.0,24.0,Sarawak,,,,,,
48,2130405,Nanga Benin B,Kapit,Batang Rajang,Btg. Belaga,19/09/2025 23:15,14.32,13.46,20.6,21.6,22.0,Sarawak,,,,,,
49,1836401,Nanga Entawau,Kapit,Batang Rajang,Btg. Baleh,19/09/2025 23:15,6.34,4.6,11.3,12.3,12.8,Sarawak,,,,,,
50,1834401,Gaat B,Kapit,Batang Rajang,Btg. Baleh,19/09/2025 22:45,32.75,32.0,42.5,44.5,46.5,Sarawak,,,,,,
51,1932408,Teluk Buing,Kapit,Batang Rajang,Btg. Baleh,19/09/2025 23:15,4.78,1.98,10.0,11.0,12.0,Sarawak,,,,,,
52,2029402,Kapit New Headworks,Kapit,Batang Rajang,Btg. Rajang,19/09/2025 23:15,11.05,6.25,12.1,14.8,15.3,Sarawak,,,,,,
53,2029403,Kapit Town,Kapit,Batang Rajang,Btg. Rajang,19/09/2025 23:15,10.44,6.25,11.9,14.55,15.3,Sarawak,,,,,,
54,2026401,Nanga Sebatu,Kapit,Batang Rajang,Btg. Rajang,19/09/2025 23:15,8.19,5.0,11.0,14.0,15.0,Sarawak,,,,,,
55,2025401,Song B,Kapit,Batang Rajang,Sg. Katibas,19/09/2025 23:15,7.67,5.59,10.59,11.59,12.59,Sarawak,,,,,,
56,2023401,Nanga Kabah,Sibu,Batang Rajang,Btg. Rajang,19/09/2025 23:15,3.13,4.5,6.29,7.04,7.79,Sarawak,,,,,,
57,2020404,Nanga Machan B,Sibu,Batang Rajang,Sg. Kanowit,19/09/2025 23:15,4.03,6.0,8.0,9.0,10.0,Sarawak,,,,,,
58,2121401,Kanowit Town,Sibu,Batang Rajang,Btg. Rajang,19/09/2025 23:15,2.98,3.4,4.59,5.09,5.59,Sarawak,,,,,,
59,2119401,Durin Bazaar,Sibu,Batang Rajang,Btg. Rajang,19/09/2025 23:15,2.54,2.5,3.5,4.0,4.5,Sarawak,,,,,,
60,2218405,Stabau,Sibu,Batang Rajang,Btg. Rajang,19/09/2025 23:15,2.17,2.4,3.5,3.74,4.3,Sarawak,,,,,,
61,2218402,Sungai Salim B,Sibu,Batang Rajang,Sg. Salim,19/09/2025 23:15,1.77,2.0,2.65,2.8,3.1,Sarawak,,,,,,
62,2318405,Jabatan Laut,Sibu,Batang Rajang,Btg. Igan,19/09/2025 23:15,0.34,1.3,2.3,2.6,2.9,Sarawak,,,,,,
63,2418401,Rantau Panjang B,Sibu,Batang Rajang,Btg. Igan,19/09/2025 23:15,0.04,1.5,2.0,2.18,2.6,Sarawak,,,,,,
64,2318403,Sungai Teku,Sibu,Batang Rajang,Sg. Merah,19/09/2025 23:15,1.7,1.6,2.6,2.78,3.2,Sarawak,,,,,,
65,2318402,Ulu Sungai Merah,Sibu,Batang Rajang,Sg. Merah,19/09/2025 23:15,0.91,1.6,2.2,2.29,2.5,Sarawak,,,,,,
66,2318427,Sungai Merah,Sibu,Batang Rajang,Sg. Merah,19/09/2025 23:15,0.64,1.11,2.5,2.8,3.0,Sarawak,,,,,,
67,2218403,Sarawak Maritime,Sibu,Batang Rajang,Btg. Rajang,19/09/2025 23:15,0.16,2.3,2.8,2.95,3.3,Sarawak,,,,,,
68,2218403,Express Terminal,Sibu,Batang Rajang,Btg. Rajang,19/09/2025 23:15,0.53,1.8,2.5,2.62,2.9,Sarawak,,,,,,
69,2218402,Sungai Bidut,Sibu,Batang Rajang,Btg. Rajang,19/09/2025 23:15,0.68,1.8,2.8,2.98,3.4,Sarawak,,,,,,
70,2216401,Lebaan,Sibu,Batang Rajang,Btg. Lebaan,19/09/2025 23:15,0.5,2.6,3.4,4.15,4.9,Sarawak,,,,,,
71,2021401,Renan Kemiding,Sibu,Batang Rajang,Sg. Kanowit,19/09/2025 23:15,4.84,2.91,6.21,7.21,7.71,Sarawak,,,,,,
72,2321401,Stapang B,Sibu,Batang Oya,Btg. Oya,19/09/2025 23:15,10.52,10.0,12.2,13.2,14.2,Sarawak,,,,,,
73,2520452,Tamin,Sibu,Batang Oya,Btg. Oya,19/09/2025 23:15,-9999.0,5.0,7.0,7.5,8.5,Sarawak,,,,,,
74,2625402,Nanga Lemai B,Sibu,Batang Balingian,Sg. Lemai,19/09/2025 23:15,2.27,1.8,2.8,3.1,3.8,Sarawak,,,,,,
75,2523402,Selangau B,Sibu,Batang Mukah,Btg. Mukah,19/09/2025 23:15,11.81,14.0,16.9,17.2,17.9,Sarawak,,,,,,
76,1918401,Nanga Ayam,Sarikei,Batang Rajang,Sg. Kanowit,19/09/2025 23:15,9.8,8.45,18.48,18.95,19.45,Sarawak,,,,,,
77,1915401,Ambas,Sarikei,Batang Rajang,Sg. Sarikei,19/09/2025 23:15,3.13,1.24,6.0,6.5,7.0,Sarawak,,,,,,
78,2116401,Bintangor,Sarikei,Batang Rajang,Btg. Rajang,19/09/2025 22:15,-9999.0,2.4,2.48,2.6,3.3,Sarawak,,,,,,
79,2115401,Sarikei DID,Sarikei,Batang Rajang,Btg. Rajang,19/09/2025 23:15,-1.83,0.0,2.7,3.0,3.3,Sarawak,,,,,,
80,2516401,Sungai Dausan,Mukah,Batang Rajang,Btg. Paloh,19/09/2025 23:15,1.91,5.0,6.0,6.3,6.6,Sarawak,,,,,,
81,2514401,Daro,Mukah,Batang Rajang,Sg. Daro,19/09/2025 23:15,1.54,3.7,5.3,5.6,5.9,Sarawak,,,,,,
82,2613401,Mid Bruit,Mukah,Batang Rajang,Btg. Lassa,19/09/2025 23:15,2.06,2.8,4.5,5.0,5.5,Sarawak,,,,,,
83,2615401,Matu,Mukah,Batang Rajang,Btg. Matu,19/09/2025 23:15,0.42,0.84,1.74,2.64,3.34,Sarawak,,,,,,
84,2818401,Oya Water Works,Mukah,Batang Oya,Btg. Oya,19/09/2025 23:15,1.03,3.0,4.0,4.5,5.0,Sarawak,,,,,,
85,2825401,Sungai Bawan,Mukah,Batang Balingian,Sg. Bawan,19/09/2025 21:00,-9999.0,1.9,3.5,4.4,4.7,Sarawak,,,,,,
86,3025401,Kuala Balingian,Mukah,Batang Balingian,Btg. Balingian,19/09/2025 23:15,-9999.0,0.0,0.8,1.1,1.4,Sarawak,,,,,,
87,2629401,Muput,Bintulu,Batang Tatau,Sg. Anap,19/09/2025 21:30,-9999.0,3.0,6.5,7.5,8.5,Sarawak,,,,,,
88,2830401,Rumah Abua,Bintulu,Batang Tatau,Btg. Tatau,19/09/2025 23:15,1.58,5.0,9.31,10.4,11.31,Sarawak,,,,,,
89,2828401,Tatau Town,Bintulu,Batang Tatau,Btg. Tatau,19/09/2025 23:15,-9999.0,1.25,2.25,2.95,3.3,Sarawak,,,,,,
90,3028401,Kuala Tatau,Bintulu,Batang Tatau,Btg. Tatau,19/09/2025 23:15,-0.44,0.5,0.75,1.05,1.35,Sarawak,,,,,,
91,3137401,Tubau,Bintulu,Batang Kemena,Btg. Kemena,19/09/2025 23:15,2.42,3.0,6.2,6.8,7.5,Sarawak,,,,,,
92,3236401,Rumah Along,Bintulu,Batang Kemena,Btg. Kemena,19/09/2025 23:15,1.57,1.88,5.0,6.0,7.0,Sarawak,,,,,,
93,3130401,Bintulu Kastam Wharf,Bintulu,Batang Kemena,Btg. Kemena,19/09/2025 23:15,-0.06,0.5,1.0,1.6,2.1,Sarawak,,,,,,
94,3035401,Kuala Binyo,Bintulu,Batang Kemena,Sg. Binyo,19/09/2025 21:30,-9999.0,4.0,5.2,5.8,6.0,Sarawak,,,,,,
95,3330401,Sungai Sebatang,Bintulu,Batang Kemena,Sg. Sebatang,19/09/2025 23:15,1.95,2.0,3.26,4.0,4.26,Sarawak,,,,,,
96,3132401,Sebauh,Bintulu,Batang Kemena,Btg. Kemena,19/09/2025 23:15,-0.07,0.22,1.27,1.57,1.97,Sarawak,,,,,,
97,2836401,Bintulu/Belaga Road,Bintulu,Batang Kemena,Sg. Pandan,19/09/2025 23:15,2.83,3.0,9.65,10.15,10.65,Sarawak,,,,,,
98,3130402,Sungai Sibiu,Bintulu,Batang Kemena,Sg. Sibiu,19/09/2025 23:15,2.31,0.07,3.3,4.3,5.3,Sarawak,,,,,,
99,3533401,Sungai Similajau,Bintulu,Sungai Similajau,Sg. Similajau,19/09/2025 23:15,4.05,4.0,8.0,9.0,12.0,Sarawak,,,,,,
100,3635401,Kuala Tutong,Miri,Batang Suai,Btg. Suai,19/09/2025 23:15,0.28,1.2,4.0,4.5,5.0,Sarawak,,,,,,
101,3837401,Batu Niah Bazaar,Miri,Sungai Miri,Sg. Niah,19/09/2025 23:15,0.19,0.86,2.62,4.72,5.22,Sarawak,,,,,,
102,4038406,Bekenu,Miri,Sungai Sibuti,Sg. Sibuti,19/09/2025 23:15,0.32,0.42,1.21,1.51,2.02,Sarawak,,,,,,
103,4440401,Miri DID,Miri,Sungai Miri,Sg. Miri,19/09/2025 23:15,1.27,2.0,2.5,2.7,3.0,Sarawak,,,,,,
104,3945401,Long Panai,Miri,Batang Baram,Sg. Tutoh,19/09/2025 23:15,6.55,4.0,6.5,7.5,8.0,Sarawak,,,,,,
105,3152408,Lio Matu,Miri,Batang Baram,Btg. Baram,19/09/2025 21:30,1.2,0.3,7.0,8.0,9.0,Sarawak,,,,,,
106,3347401,Long Akah,Miri,Batang Baram,Btg. Baram,19/09/2025 23:15,2.38,5.0,9.0,10.0,11.0,Sarawak,,,,,,
107,4043459,Benawa,Miri,Batang Baram,Btg. Baram,19/09/2025 23:15,-9999.0,3.5,6.0,7.0,8.0,Sarawak,,,,,,
108,3541401,Long Jegan,Miri,Batang Baram,Sg. Tinjar,19/09/2025 23:15,8.61,4.5,10.5,11.5,12.0,Sarawak,,,,,,
109,3842425,Long Teru,Miri,Batang Baram,Sg. Tinjar,19/09/2025 23:15,9.07,3.0,6.0,7.0,8.0,Sarawak,,,,,,
110,4143406,Marudi,Miri,Batang Baram,Btg. Baram,19/09/2025 23:15,4.38,0.0,2.79,3.09,3.25,Sarawak,,,,,,
111,4553401,Long Tengoa,Limbang,Batang Trusan,Btg. Trusan,19/09/2025 23:15,45.06,43.7,46.5,48.0,50.0,Sarawak,,,,,,
112,1860041WL,Lundu Town (RHN),Kuching,Batang Kayan,Btg. Kayan,19/09/2025 23:15,-0.93,0.5,2.0,2.5,3.0,Sarawak,,,,,,
113,1800341WL,Kampung Mang,Samarahan,Batang Samarahan,Btg. Samarahan,19/09/2025 23:15,-1.5,1.5,2.0,2.5,3.0,Sarawak,,,,,,
114,1800351WL,Sungai Endap,Serian,Batang Samarahan,Sg. Endap,19/09/2025 23:15,3.08,3.5,5.0,6.0,7.3,Sarawak,,,,,,
115,1800331WL,Kampung Lintang Panchor,Serian,Batang Samarahan,Btg. Samarahan,19/09/2025 23:15,1.46,3.0,5.5,6.0,6.5,Sarawak,,,,,,
116,1015401,Entebar,Sri Aman,Batang Lupar,Btg. Undup,19/09/2025 23:15,25.98,26.0,31.9,32.1,33.5,Sarawak,,,,,,
117,1114422,Entulang D,Sri Aman,Batang Lupar,Sg. Entulang,19/09/2025 23:05,12.36,11.5,14.0,15.2,16.0,Sarawak,,,,,,
118,1770411WL,SK Ulu Engkari,Sri Aman,Batang Lupar,Sg. Engkari,19/09/2025 23:15,202.97,202.5,204.0,205.0,205.5,Sarawak,,,,,,
119,1813401,Sebatan,Betong,Batang Krian,Sg. Sebemban,19/09/2025 23:15,8.01,7.1,9.0,9.6,10.2,Sarawak,,,,,,
120,4849401,Lubok Piasau II,Limbang,Sungai Limbang,Sg. Limbang,19/09/2025 23:15,2.2,0.8,1.2,1.5,2.2,Sarawak,,,,,,
No Data,No Data,No Data,No Data,No Data,No Data,No Data,No Data,No Data,No Data,No Data,No Data,Sabah,No Data,No Data,No Data,No Data,No Data,No Data
No Data,No Data,No Data,No Data,No Data,No Data,No Data,No Data,No Data,No Data,No Data,No Data,WP Kuala Lumpur,No Data,No Data,No Data,No Data,No Data,No Data
No Data,No Data,No Data,No Data,No Data,No Data,No Data,No Data,No Data,No Data,No Data,No Data,WP Putrajaya,No Data,No Data,No Data,No Data,No Data,No Data
No Data,No Data,No Data,No Data,No Data,No Data,No Data,No Data,No Data,No Data,No Data,No Data,WP Labuan,No Data,No Data,No Data,No Data,No Data,No Data
